step,user,lat,lon
0,0,0.0008918467503317958,0.000998813250539143
0,1,0.0006026265899731986,0.0002159886532282784
0,2,0.00012951776395701592,0.0009632999728393963
0,3,0.0005413237212372703,0.00022693088877854796
0,4,4.587762182634182e-05,0.0004282255979906204
0,5,0.0008429743276230449,0.0001266347248572028
0,6,0.0006424368334638684,2.2778113115461707e-05
0,7,0.0009058363707222704,0.0004923565532577577
0,8,0.0004198562606944625,0.0003141092104670322
0,9,0.0009132401203550181,9.268182727388101e-05
1,0,0.0008272004137916493,0.0009363384759830578
1,1,0.0006149841741662041,0.0002568185468907892
1,2,0.00017125179129514926,0.000991053809851893
1,3,0.0005634639380757297,0.00015300565555659485
1,4,5.1884319291408864e-05,0.0004371813009019182
1,5,0.0007712910460396928,6.379060326359873e-05
1,6,0.000716681753904745,6.703655701785427e-05
1,7,0.0009048900887754712,0.0004977172323943338
1,8,0.000359924445103827,0.00026734895155588085
1,9,0.0009772650241075976,8.874621333976292e-05
2,0,0.0007459914427978005,0.00092647892079658
2,1,0.0005658348310015967,0.00023088690938616075
2,2,0.0001628699142571332,0.0010588477209756931
2,3,0.0006039328898817123,0.000194496736710896
2,4,-3.8030351545617764e-05,0.00041863559066771417
2,5,0.000821083046626267,9.808418965757135e-05
2,6,0.0007109517397244933,5.6900034261475094e-05
2,7,0.0008940610293427317,0.0005713076211764328
2,8,0.00035896738087765414,0.00024676067738303313
2,9,0.0010094896505223009,0.00018187006947209994
3,0,0.0007427984921625201,0.0009884706633392294
3,1,0.0005782294214637923,0.00023239421189947022
3,2,0.00011482558293837948,0.0010524070893168165
3,3,0.0005455091301255363,0.00019222238160315308
3,4,-1.4419625875196947e-05,0.0004197690671412162
3,5,0.0008928235672650833,0.0001380207460822531
3,6,0.0007477904845700417,5.3875369001867976e-05
3,7,0.000891361932779763,0.0005476320185743943
3,8,0.0003639081882720192,0.000261569346561094
3,9,0.0009981958535800655,0.00012125275269070037
4,0,0.0007594787449663145,0.0009444626012636759
4,1,0.0004976088675058935,0.0002415465328680091
4,2,0.00012566482253448334,0.0010530431847365013
4,3,0.0004990898138170842,0.00021784619051402337
4,4,2.7437971372576666e-05,0.0005073010039584334
4,5,0.0008435041918579584,0.00021030378404992628
4,6,0.0007772927438023077,5.012172547816216e-05
4,7,0.0008272920858869885,0.000596361453913305
4,8,0.00028362335659651435,0.00023941806139408969
4,9,0.000984586870463998,0.00012144646068830489
5,0,0.0007320606804204196,0.000920019485856878
5,1,0.00043122826331902823,0.00019334253607383327
5,2,0.00017159147841574158,0.0010996377020539498
5,3,0.0004990112710837821,0.00021827665746670268
5,4,2.124964462472646e-05,0.0005161044332878765
5,5,0.0008550401711171062,0.00027956325576526425
5,6,0.0008556621780965487,4.386721230107752e-05
5,7,0.0007436091822092944,0.0005449686314879564
5,8,0.00031537187131252614,0.0002657216019400459
5,9,0.0009898268701551253,9.723625106131676e-05
6,0,0.0007757709788740654,0.0008838117335852962
6,1,0.00044986731290375326,0.00015112142288492702
6,2,0.00017673109623912841,0.0010538155022316816
6,3,0.000530823383598287,0.00019219950099641958
6,4,2.8937315980623886e-05,0.0004904111535851968
6,5,0.0009306966066252752,0.0003261029118532889
6,6,0.0008556340886943632,4.4108954273091244e-05
6,7,0.0006827119566669861,0.0004940804389184704
6,8,0.0002757371512520181,0.0002627370661014145
6,9,0.0009790998566131344,9.751401792897664e-05
7,0,0.0008597577610102139,0.0008885859285306098
7,1,0.0004803868129586333,0.00013853524199466892
7,2,0.00022527413316976257,0.0011014240036150587
7,3,0.0005431585970982649,0.00015429353434613338
7,4,2.6671391911583504e-05,0.00046596694755175137
7,5,0.0009638543800809646,0.0003698612950963181
7,6,0.0008121210450342909,9.469087329126844e-05
7,7,0.0006906666611527289,0.0004422747644810349
7,8,0.0003462391511922473,0.00027774472847078686
7,9,0.0010591115349448087,8.020277173635068e-05
8,0,0.0008504546402846336,0.0009168401742802876
8,1,0.0005104865775092297,0.00011542333188516325
8,2,0.00025829663904601173,0.0010780754235804309
8,3,0.0005426511053692823,0.0001306168277928584
8,4,-5.731447866620096e-05,0.0005037742510062935
8,5,0.000980234869959349,0.0003521055901570679
8,6,0.0007746529263668627,5.909612000885411e-05
8,7,0.000695641467665078,0.0004123619029611536
8,8,0.0004425110499158048,0.0002728245650106038
8,9,0.0010585587690837188,8.180818429780878e-05
9,0,0.0008779294286580259,0.0009175443950574465
9,1,0.0005038608845815991,0.00010514484244608999
9,2,0.00018797964593643366,0.0010661118486420282
9,3,0.0005672430569423654,0.00013031281083300533
9,4,-8.683012213708683e-05,0.0005101248816523494
9,5,0.0009535728002028048,0.00038634682985768157
9,6,0.0008170322151344328,0.00014677187312172484
9,7,0.0006775347337861556,0.0003498714476519552
9,8,0.0004260109159658843,0.00029885073462002266
9,9,0.0010153941221209201,1.0406550373382362e-05
10,0,0.0008725040761875192,0.0009079534390216814
10,1,0.0005011336753751204,0.00015330770838459056
10,2,0.00020940376938233355,0.001066650847613319
10,3,0.0005317671910145942,8.638257285629555e-05
10,4,-6.135134099597602e-05,0.0004891524534725559
10,5,0.0009126578114595096,0.00037476794255177597
10,6,0.000786848591039745,0.0001637573370864302
10,7,0.0006439977047302218,0.00035884606035740745
10,8,0.00040153282217948575,0.0003765961035963435
10,9,0.0010505140678641787,-2.842528503569619e-05
11,0,0.0008865661852119391,0.0009407333797235189
11,1,0.0004318959089156981,8.788457518310888e-05
11,2,0.0002621154231164494,0.0010249704164620095
11,3,0.000496987771670388,0.00011960652897429702
11,4,-5.5326176660242145e-05,0.00040168303030179185
11,5,0.000914596279545643,0.0003713960634738342
11,6,0.0008153996122208825,0.00016747362124088937
11,7,0.0006146451668613894,0.00037935685640790435
11,8,0.00036060136928855395,0.0004011049803190749
11,9,0.0010362718545876238,-9.670625908402739e-05
12,0,0.0009417940488431661,0.0009326135359311368
12,1,0.00044103545039259317,6.454808157616167e-05
12,2,0.0002620367970644296,0.0010249680300052117
12,3,0.00043089124572514713,0.0001102485122012404
12,4,-8.613262054524054e-05,0.0004452307919997368
12,5,0.0009050229311166768,0.00040257804993639736
12,6,0.0009112567639329525,0.00015799124219496017
12,7,0.0006072939082317619,0.00037647210384262133
12,8,0.00039328399194363115,0.00039455970471227215
12,9,0.0010296786487673762,-0.00010986265381979922
13,0,0.0009777553229236963,0.0009646624568032401
13,1,0.00036060023104050203,0.00010542357454737538
13,2,0.00018605093006817243,0.0010569206783397015
13,3,0.0004272113666095671,0.000114189497378402
13,4,-0.0001028545133145069,0.0004484377217680681
13,5,0.0008764904465317853,0.0004887846404633695
13,6,0.0009004824706231868,0.0001401447772376246
13,7,0.000593148675882478,0.00034259361694224016
13,8,0.0003337344555924616,0.0004254801519829268
13,9,0.0010567363709080718,-0.00019194891967632056
14,0,0.0009720765331191457,0.000986574133552482
14,1,0.0003115637204062798,0.0001001828181499033
14,2,0.0001863495092998013,0.001057051600904889
14,3,0.0004521979425431682,7.723607535429605e-05
14,4,-0.00018149152488806616,0.0004687243468934979
14,5,0.0008747106230674252,0.0005064259136806749
14,6,0.0008281388125190019,0.00012835831052169665
14,7,0.0005731621680007458,0.00033007493292002923
14,8,0.00029493048524548723,0.00047189878254108044
14,9,0.0010715426370815834,-0.0001815962312351184
15,0,0.0009799830790457598,0.0008940212723123609
15,1,0.0003091585062728646,9.955225787370409e-05
15,2,0.0001891834030621027,0.0009620798986140752
15,3,0.0004177008398930267,8.05967339736609e-05
15,4,-0.00011682221533767655,0.00040852086495820044
15,5,0.000872006243744315,0.000536172389966192
15,6,0.0009183950367712327,0.00015855840344137847
15,7,0.0004866454186479433,0.00036499494236576067
15,8,0.0003038801984364364,0.0005009480759250041
15,9,0.0011140890232548197,-0.00015747670542950909
16,0,0.0008845631621739039,0.0008673741667811747
16,1,0.0003261648678515579,6.443693693474737e-05
16,2,0.000147614959994947,0.0010164841922211225
16,3,0.00040514821576602726,1.9554243908254633e-05
16,4,-0.00012217641933535931,0.0004915390615576123
16,5,0.0008715925429584441,0.0005400329461338804
16,6,0.0009201065261374427,0.00016459522324708325
16,7,0.0004833416424087752,0.0003813973239084908
16,8,0.0003020681198100472,0.0005078027434057099
16,9,0.0011070479749595518,-0.00016563341549853398
17,0,0.0009309177088457716,0.0009004847066725185
17,1,0.0002539374886339678,4.849599670776706e-05
17,2,0.00013100830065655356,0.0011138853886851698
17,3,0.00044738657619406585,2.3862887319926678e-05
17,4,-0.0001860887741488125,0.0004934232913173894
17,5,0.0008177359053215102,0.00046950284138332364
17,6,0.0009128519917371915,0.00016002608538720532
17,7,0.0004814767999715649,0.00038707987315810124
17,8,0.00024937542163217723,0.000458453227361526
17,9,0.0010977658295538632,-0.00016308179473165744
18,0,0.0008389251167840911,0.0008840952029140788
18,1,0.00022907216484379294,6.0426704675718866e-05
18,2,3.189401509982778e-05,0.0011123454324886723
18,3,0.0005092229555087981,2.5420092452950427e-05
18,4,-0.00025855018515481614,0.0004376243371916843
18,5,0.0007681180425187645,0.0004528029620286586
18,6,0.0008511386113808992,0.0001155271390555299
18,7,0.0005801365519644731,0.00037478881483509813
18,8,0.00022086367912145128,0.00045916621819527625
18,9,0.0010737151870690083,-8.007350617113326e-05
19,0,0.000850903229618034,0.0008082969156970818
19,1,0.0002795106793397936,-1.2302982123331234e-05
19,2,-5.605932687506231e-05,0.0010760139582450606
19,3,0.0005512679649720972,5.381010494790697e-05
19,4,-0.0002679319710888571,0.00034778525135275277
19,5,0.0008492958742223812,0.0004893317185887474
19,6,0.0008244310365289582,0.00013569143154634522
19,7,0.000587461137163048,0.00036750957743210324
19,8,0.00018837329226012724,0.0005266769573434855
19,9,0.0010610041536029244,-7.711768664044566e-05
20,0,0.0008723163912532743,0.0008210720902442414
20,1,0.00023685440112019695,-1.3117535757590119e-05
20,2,-7.744275990884912e-05,0.0010685485954388275
20,3,0.0006104146275209577,4.784439166113847e-05
20,4,-0.00020811688172315418,0.00034519081608552115
20,5,0.0007961842282725344,0.00046238382608233884
20,6,0.0008166195344333927,0.00015906105837273799
20,7,0.000598294766848357,0.00035827704195300444
20,8,0.0001479649955487516,0.0005419653165430649
20,9,0.0010406661805875998,-3.780634274358514e-05
21,0,0.0008938833120068009,0.0008008201930236191
21,1,0.00031213653589106776,-6.0266335280216854e-05
21,2,-7.697661618751654e-05,0.0010745787406707171
21,3,0.0006185119577828048,3.8928695422962845e-05
21,4,-0.00014352119390786055,0.0002992957094961689
21,5,0.0008046443559007007,0.0004681179733085772
21,6,0.00086147814497714,0.00024213579219907995
21,7,0.0005981761424114721,0.0003567847739804808
21,8,0.00019131931501464267,0.0005139763381525007
21,9,0.0010103478519825396,-0.00013271255759871988
22,0,0.0009446470200315753,0.0007337045928542943
22,1,0.0002945213344514851,-0.00012572969697333965
22,2,-4.4097881096230856e-06,0.0010843141728833236
22,3,0.000580072851023383,-4.794562003919799e-05
22,4,-0.00016063244302255182,0.00034472515614089475
22,5,0.0008484077765947412,0.00041830040563353086
22,6,0.0008436572904774982,0.0002709601442122829
22,7,0.0005650507706488001,0.00035588540449308325
22,8,0.00019222723135757283,0.0004150763815528624
22,9,0.0010372295130886113,-0.0001544182423018423
23,0,0.0008951098813276765,0.0007692991817440871
23,1,0.0003009198500989729,-0.0001388095587155539
23,2,-0.00010207862573643534,0.0011048110567834011
23,3,0.0006698352606614247,-2.064863195819138e-05
23,4,-0.0001362491660008392,0.0003458845664560844
23,5,0.0008284961612597677,0.0003986773864789615
23,6,0.000897358354867762,0.00024255535037883655
23,7,0.0005739652695316822,0.00033077560401472864
23,8,0.00022047464583826716,0.00044392322059990996
23,9,0.001072613279995202,-0.0001831996259897712
24,0,0.0008948688317737242,0.000720412242788814
24,1,0.0003733953971456304,-0.00019556881140538003
24,2,-0.0001355464463493975,0.001061829035301987
24,3,0.0006704686770236361,-7.884263759997538e-06
24,4,-0.00012521915563275048,0.0003331741931797437
24,5,0.0007841415278586848,0.00034945341120775974
24,6,0.0009426282349927821,0.0001794862027866944
24,7,0.0006002238792336935,0.000359545512495248
24,8,0.0002202539169850413,0.00045378567752398186
24,9,0.0011330353383282343,-0.00015705926457898164
25,0,0.000859463103057917,0.000716173115879446
25,1,0.00028165233869939695,-0.00017531673225364199
25,2,-0.00014769581247053143,0.0010763207575094367
25,3,0.0006496198373648665,-3.2591541069915584e-05
25,4,-0.00013615701052147744,0.000369591932097622
25,5,0.0007726634452023799,0.00037781231128261605
25,6,0.0009697569041285262,0.0002161145978480112
25,7,0.0005800798647765765,0.0003668444050198267
25,8,0.00016237751479252128,0.0005171110680226072
25,9,0.0011106383470431017,-0.0002480000154145153
26,0,0.0008896786928142657,0.0008055416567575313
26,1,0.0002886108029691387,-0.0001742823574969485
26,2,-0.0001425864687138175,0.0010502474241658843
26,3,0.0006638012606975217,-6.653339171797562e-05
26,4,-8.494359157031815e-05,0.00035921046532421194
26,5,0.0008138125894135513,0.0002887577384563613
26,6,0.0009027599695309,0.00026388755729138153
26,7,0.0005788679830769313,0.00033368256499370755
26,8,0.00017161494645373846,0.00047986163592274013
26,9,0.0011145171880722073,-0.0002534541345170661
27,0,0.0008636363627899137,0.0007824890555454543
27,1,0.00026889079149994765,-0.0001820642678430236
27,2,-6.45987166450168e-05,0.0011035058449331157
27,3,0.0006545928918733378,-2.3251091327107103e-05
27,4,-8.064526081485322e-05,0.00036055691009868033
27,5,0.000910174236678638,0.0002704708117696206
27,6,0.0009433245023957289,0.0003457546151629978
27,7,0.0005735251058658204,0.000328325987498831
27,8,0.00016051131771908827,0.00043666786989286104
27,9,0.0011341413347507408,-0.0002806345694048558
28,0,0.0008853498374494373,0.0007799012672410632
28,1,0.00024863983617487537,-0.00022238096462380127
28,2,-5.249817404176663e-05,0.001135889591004601
28,3,0.0006551473628576293,-2.0883858141569756e-05
28,4,-7.619485124643606e-05,0.00041121770963185606
28,5,0.0008954861886364016,0.0003386437626229998
28,6,0.0009097788818226184,0.0003942963227169478
28,7,0.0005348719689072999,0.00034197123755312967
28,8,0.00014060146214239238,0.00037989910426600154
28,9,0.0011068834948310849,-0.00021243170759937806
29,0,0.0008491080508682188,0.0007011487046028893
29,1,0.00018105358229787607,-0.00020647672195631323
29,2,-7.724695956993103e-05,0.001163084688493481
29,3,0.0006513246080931838,-8.732537934930744e-05
29,4,-7.523853791509798e-05,0.00041359108905667213
29,5,0.0009113050443457027,0.0003850397155816532
29,6,0.0008350021058786344,0.00035524135519483563
29,7,0.0005059202836992033,0.00031013565487278714
29,8,0.00013621291034057398,0.00036496734719926836
29,9,0.0010965692045787068,-0.00018651299847208738
30,0,0.0008610530886172616,0.0007626679583937345
30,1,0.0002262962380896518,-0.00022177746546957013
30,2,-5.36771091713167e-05,0.0011396484249428373
30,3,0.0006561568291318265,-0.00015832136974750757
30,4,-0.0001275445266451113,0.0003621014937943954
30,5,0.0008787317037539968,0.000430501043188285
30,6,0.0008108380166773035,0.00033028468053541754
30,7,0.0005117633946070745,0.00030022804504981727
30,8,0.0001704608778212031,0.00032743921415377567
30,9,0.0010851719177187062,-0.00020687789195092266
31,0,0.000878958001178639,0.0008028443139173856
31,1,0.00022862735520847585,-0.0002200466092520379
31,2,-5.387123927526515e-05,0.0011169237160092303
31,3,0.0006869299252477038,-0.00016848894776099713
31,4,-0.00012918120423246899,0.0002926128044003954
31,5,0.0009062611519211868,0.00038182865097575666
31,6,0.0008481086049532138,0.0003678215370093664
31,7,0.0005253359293975656,0.0002956033092864965
31,8,0.00013507472159189258,0.00027532292621055426
31,9,0.0011144646264781629,-0.00012171384777054073
32,0,0.0008791059104195835,0.0008792673991592831
32,1,0.00030281562956922537,-0.000256263196316038
32,2,2.828165856018275e-05,0.0011340599033075357
32,3,0.0006808974557298371,-0.00013836562537036478
32,4,-0.00012055123014374722,0.0003105924394977156
32,5,0.0008675454657432001,0.00043570929213929875
32,6,0.0008554416388139856,0.000397286791652392
32,7,0.0004986413739878038,0.000312646961946363
32,8,0.00013551085211806004,0.00027546297981756305
32,9,0.0011346867546319747,-6.74426423894521e-05
33,0,0.0008378535901551488,0.0009282425863125307
33,1,0.000291175461258085,-0.0002341792691679071
33,2,-6.833332933787962e-05,0.001146367096359281
33,3,0.0006353982050266182,-0.00022048180475631618
33,4,-0.0001000586584713909,0.0002767544126065824
33,5,0.0008430397838558734,0.0003736639984353592
33,6,0.0008336615298188974,0.0003915645245500794
33,7,0.0004978737441633711,0.00031025956355129505
33,8,0.00012751983004090356,0.0002884277677783914
33,9,0.0010955087787852767,-3.16651422106842e-05
34,0,0.0008198931892934924,0.0009015065831568574
34,1,0.00028990023751853,-0.0002539676058161673
34,2,-5.601952227579566e-05,0.0011497667939912835
34,3,0.0006066822334861771,-0.00022805738486119406
34,4,-4.739725223421065e-05,0.0002076594485336879
34,5,0.0008212264625511252,0.0003591868475281009
34,6,0.0007615616846251118,0.0003447734150337153
34,7,0.0004948244219384332,0.00032045153533437077
34,8,0.000178076481446309,0.00034564520235237086
34,9,0.001089227262098228,-2.6872373022118717e-05
35,0,0.000743276077109287,0.0008513611129933302
35,1,0.00030771895370883446,-0.0002923065932177886
35,2,-4.870017624607048e-06,0.0011081000683318075
35,3,0.0006032687367395479,-0.0002265102844349973
35,4,-6.894541034599645e-05,0.0002050661762590335
35,5,0.0008441480249966612,0.00038628787609225497
35,6,0.0007751324634244931,0.00043263895930748485
35,7,0.0004955310246748262,0.0002323977484855416
35,8,0.00022839771212321074,0.00038871426664510803
35,9,0.0010655900408854655,-3.777526276302375e-05
36,0,0.0007978295334712904,0.0007852513479931063
36,1,0.00034259016782163076,-0.0003011814373566126
36,2,-1.116153116790004e-05,0.0011589957002182203
36,3,0.0006355874281466431,-0.0001773171093286539
36,4,-2.2258518727901917e-05,0.0001418256486048378
36,5,0.0008643616957142109,0.00032226058673546403
36,6,0.0007857330525610576,0.0004501748207973051
36,7,0.0004956271389880699,0.0002311005241963745
36,8,0.00017228170778058673,0.0004187748478879101
36,9,0.0010475766802222563,-0.00010746206904072216
37,0,0.0007736879206394685,0.0008639462315806505
37,1,0.0003812636963227247,-0.00034130168237968473
37,2,1.4700832768661289e-05,0.001236639980970793
37,3,0.0006177592448804418,-0.00017615503595978983
37,4,-5.645952011667344e-05,0.00013435124123843274
37,5,0.0009297671811164514,0.000313825450777063
37,6,0.0007585153245137245,0.00044630101191172087
37,7,0.0005340239310665504,0.00025583621712145743
37,8,0.00011582950233118754,0.000381239434499218
37,9,0.0010156537494311344,-9.2184119819149e-05
38,0,0.0007493606367854539,0.0007914573788005613
38,1,0.00042008980567601886,-0.00028231236434269317
38,2,-1.8508897731867465e-05,0.00127523739706691
38,3,0.0006850722609026744,-0.00017235098329835492
38,4,-1.1690480724325444e-05,0.0001344138778081883
38,5,0.0009509515714059332,0.0003055950421945842
38,6,0.0007093130972186342,0.00048760470904022485
38,7,0.0005971369519975825,0.00022862277939216045
38,8,0.00015480567325934632,0.0004121997561232976
38,9,0.0009348532886861705,-5.3761879905363085e-05
39,0,0.0006575997725102035,0.0007628418224453569
39,1,0.0004571723438149095,-0.0002626309537402308
39,2,2.6036918385050845e-05,0.0012881931025235571
39,3,0.000683163925945164,-0.00017059811986500564
39,4,-2.7681991002639923e-05,0.0002073364641259436
39,5,0.0008728488894066674,0.00033884372014256686
39,6,0.0006298233232326551,0.0005039112150405457
39,7,0.000534761516428586,0.00022393927636148988
39,8,0.000150724065890196,0.00042178664480664336
39,9,0.0008716943208212925,-1.4231224808716395e-06
40,0,0.0006868446056547837,0.0007226137901279828
40,1,0.000449782179515174,-0.00033105820094374424
40,2,3.637876209519132e-05,0.0013275347860179359
40,3,0.0007460116124823598,-0.00013665784297275707
40,4,-5.596101328722233e-05,0.00030165937148061257
40,5,0.0008965495150777351,0.00032239662176869645
40,6,0.0006025708673720869,0.0005141458509851703
40,7,0.00047577182484607935,0.0002824190252735475
40,8,0.00016653823019745762,0.00041842100813786287
40,9,0.0008594651982229263,-4.210889880291007e-05
41,0,0.0007074727359208721,0.0007061690886920616
41,1,0.0005157618193021381,-0.00029384148614435717
41,2,2.6261659953268254e-05,0.0013415238640608366
41,3,0.0007025156868091457,-0.00016966781719398493
41,4,2.5246273107231717e-05,0.0003006288151833027
41,5,0.0009166189532066268,0.00024836561041320274
41,6,0.0005249009094110685,0.0004936287988276558
41,7,0.00045217739582284147,0.00024706112684732016
41,8,0.0001680952668228514,0.00041941022012989505
41,9,0.0008606414347060574,-3.154624782003858e-05
42,0,0.0007279877947484673,0.00068338079417622
42,1,0.0005494787538749143,-0.00026491761398001775
42,2,2.506795594677154e-05,0.0013197462179137028
42,3,0.0007984248745294214,-0.00016821570906414563
42,4,5.04308801722749e-05,0.00029782734870672546
42,5,0.0008463786101666819,0.0002524388251134049
42,6,0.000463557682620537,0.0005155900356125975
42,7,0.0004667794424526343,0.000246192151855557
42,8,0.00024036103265871316,0.0004417312667882405
42,9,0.0007878140431781184,-1.4232118312164677e-05
43,0,0.0007019820784463219,0.0006668980970823931
43,1,0.0005353378823695651,-0.0002875932478265594
43,2,-3.682990997872838e-05,0.0013349231209053812
43,3,0.0008339687038231133,-0.00016590297566360072
43,4,4.240924699419572e-05,0.0002678589624175888
43,5,0.000888615449030418,0.00017218050961154306
43,6,0.00047203442493344225,0.0005314676957661694
43,7,0.0004685664829357705,0.00029870248961721036
43,8,0.00020106946550273205,0.000468465800222869
43,9,0.0007916373345934758,-5.922112729531581e-06
44,0,0.0006102131172767661,0.0006768379951373886
44,1,0.000545029823606413,-0.00022394583075284181
44,2,-3.1959863510872775e-05,0.0012412343021146245
44,3,0.00079336798556017,-0.00023834979737065754
44,4,-3.735851624394876e-05,0.00032727220170350484
44,5,0.0008861700516928433,0.00013332405817315028
44,6,0.0004468028566019152,0.0005448848334388871
44,7,0.00044838070649820387,0.00030427399138838445
44,8,0.0002185325993496801,0.0004393584430218774
44,9,0.0007648944010289488,-1.9255294806808537e-05
45,0,0.0006601894443586143,0.0006721521645251421
45,1,0.0005519908906954837,-0.00023599885162550185
45,2,-4.942798582185488e-05,0.0012591115611251945
45,3,0.0007395672840343077,-0.00030893332351216145
45,4,-5.592998490763531e-05,0.0003314474201009651
45,5,0.0009018901354650745,0.0001794128172067342
45,6,0.0004233904617504324,0.0005041584409289499
45,7,0.0004626540723952982,0.00031244829913209247
45,8,0.0002482060065870517,0.00040862685178267915
45,9,0.0006783236679460026,-9.816962776973713e-06
46,0,0.0006337155595071446,0.0006511580609994108
46,1,0.0005601946621827629,-0.00023807948979666943
46,2,-6.310584284840172e-05,0.0012101453377494974
46,3,0.0007691214599748449,-0.00035384199782797344
46,4,1.5750185740960058e-05,0.0003524418611967421
46,5,0.0008817649615447025,0.0001775334104172557
46,6,0.00044502867757441236,0.000542801040451016
46,7,0.0004295719810057462,0.00024082351125935173
46,8,0.00025165177743377874,0.0004223183607459074
46,9,0.000705983922544388,6.693597314220516e-06
47,0,0.0006098401796115084,0.0006758041162795848
47,1,0.0005796523617635434,-0.0002417988592004884
47,2,-5.232028716600765e-05,0.0012293289638351766
47,3,0.0007306641879296135,-0.000393325530362494
47,4,3.07743454951445e-05,0.00035963257239873933
47,5,0.0009038347152544979,0.00016781472378610152
47,6,0.00035851089990906576,0.000535798319915722
47,7,0.00044789438331625174,0.0002061350768127196
47,8,0.00025004416968546267,0.00034732765397394263
47,9,0.0006225894998419563,8.445726999319726e-06
48,0,0.0006207791284151959,0.0006514649714776542
48,1,0.0005521552777434541,-0.00020780545066473874
48,2,-0.00011950324574924285,0.0012411293940536184
48,3,0.0006843628372757698,-0.0003651066577233059
48,4,7.797343747648652e-05,0.00038951354449333033
48,5,0.0008280037089584652,0.0001208051043028082
48,6,0.0003437751024486436,0.0005736978255106885
48,7,0.00043000751555432264,0.00022112177187496427
48,8,0.0002573715238931594,0.0003540202227672423
48,9,0.0006065287483890064,-1.0025483437653765e-05
49,0,0.0005277809664599963,0.0006246277671543252
49,1,0.0005050703453231332,-0.0001380618393469821
49,2,-0.00010166924461917315,0.0013187185963803262
49,3,0.000686401290433629,-0.0003618758621101731
49,4,4.546933476144293e-05,0.0003348817846446438
49,5,0.0007676722251794776,0.00013860088872633767
49,6,0.0004089084674421158,0.0005863055629006232
49,7,0.000427978853406648,0.00021047996276627433
49,8,0.00027730815780988645,0.0003802839786954742
49,9,0.0006039743555421922,-7.343363580261184e-05
50,0,0.000580179537164532,0.0006601656328910124
50,1,0.00045533435733498804,-0.00015809065676661922
50,2,-0.0001046087297472332,0.0013191661861832078
50,3,0.0006790705237615126,-0.0003811748773254023
50,4,5.7034272289443336e-05,0.00031380420012403886
50,5,0.0008119986418237856,0.00018302135577865866
50,6,0.00045701767443359447,0.0005141646174292927
50,7,0.0004913522188323764,0.00023585145967967876
50,8,0.0002815674467160404,0.0003869678161226807
50,9,0.0006065722248081487,-0.00010865172890257468
51,0,0.00057164933200053,0.0007117410895212919
51,1,0.0004237303844187118,-0.00010849033105727088
51,2,-1.6544746094040224e-05,0.0013441090942689215
51,3,0.0006012357596452993,-0.00039258854085001227
51,4,8.444290202957567e-05,0.00030619773991774065
51,5,0.0008608343926011615,0.00020559422535174052
51,6,0.00047566698295332537,0.0005740804378271116
51,7,0.0004679422816474156,0.0002100341360768252
51,8,0.00027056871842916317,0.0003968703325506103
51,9,0.0005375543604628956,-0.00014270648332399472
52,0,0.0006110535035351987,0.000799320362301627
52,1,0.0004337407295154212,-0.00012334804360708166
52,2,5.598274243784575e-05,0.0013477503478827972
52,3,0.0005467727889008611,-0.0003356235118709317
52,4,0.0001586607994408247,0.0003451449313887487
52,5,0.0008401817352515244,0.00022143006995980455
52,6,0.0004467320154705361,0.0005390910898131613
52,7,0.0004960776669141424,0.000304495535281828
52,8,0.0002649416927214997,0.0004110045214085588
52,9,0.0005470430998177632,-0.00014236881670707144
53,0,0.0006161615093952157,0.0008682716177854866
53,1,0.0004458909951194211,-0.00011939528470948876
53,2,0.00013466123224875888,0.0013890261592005692
53,3,0.0004496041274281927,-0.00032709174071111126
53,4,0.00016823398006211154,0.0002953726208254953
53,5,0.0008080072105893919,0.00016754112731548113
53,6,0.0003778052592148073,0.0005143020625766123
53,7,0.00046352588149760365,0.0002470232533423184
53,8,0.00028174353932078713,0.0004211931225978944
53,9,0.000558736932645192,-0.0001256661189338267
54,0,0.0006014401370040191,0.0008799469937775698
54,1,0.00044444849351715104,-0.0001290468798917913
54,2,0.00010856907662768992,0.0014114435941397108
54,3,0.00044328855599342135,-0.0004107601902674982
54,4,0.00016516632923859915,0.00029574730796393274
54,5,0.0008213300846500084,0.0002530996163505228
54,6,0.0003344343048076186,0.00046974104783463006
54,7,0.0004080343299879796,0.00031811268089554194
54,8,0.00026026803357822567,0.0004274462958256444
54,9,0.0005802795517610242,-0.00014711073856331204
55,0,0.0006086740624001101,0.000910976820686364
55,1,0.0004462696344519655,-0.00011250426048263286
55,2,4.1009676551464455e-05,0.0013448069402265804
55,3,0.0004399141916020431,-0.00041108884657178467
55,4,0.00015883461362697544,0.0003217455376724796
55,5,0.0009196289712145292,0.0002650563471496223
55,6,0.0003229322541510237,0.0004969198665390581
55,7,0.0004954278275677183,0.00034134664158149905
55,8,0.00029406206753973183,0.00042397988121909525
55,9,0.0005884434745090011,-0.00014312402623050654
56,0,0.0006063735334906982,0.0009147503267044528
56,1,0.00037973724271775784,-0.00013772775719939116
56,2,0.00010250850647052827,0.0014099348710843603
56,3,0.0004035727356172877,-0.00045045921987592563
56,4,0.0001816034120053881,0.000261919098154362
56,5,0.0008715626824277207,0.0003270344582008194
56,6,0.00032564430875246596,0.0005007393743757449
56,7,0.0004924880229290054,0.00033566071394322403
56,8,0.00029675175125953667,0.0004116978614005425
56,9,0.0005888194681521047,-0.0001412471581875399
57,0,0.0005902286924703146,0.0009883534010039254
57,1,0.0003988270419825816,-8.76627700790776e-05
57,2,3.1883751636958084e-05,0.0014538806062270526
57,3,0.0004015001659626988,-0.0004933550061715004
57,4,0.0002539228988417823,0.0002741115404796392
57,5,0.0008578487525020117,0.0004227750696267707
57,6,0.0003761983119046283,0.000453205252412886
57,7,0.0004892654009989552,0.00034099125805329267
57,8,0.00033315764899501815,0.0004184447178321117
57,9,0.0005885972398699264,-0.0001412092403711498
58,0,0.0005921092237743331,0.0010013069563576953
58,1,0.00040787458429732024,-8.537707981463693e-05
58,2,1.750938903099598e-05,0.0014146921506589692
58,3,0.0003579073100874746,-0.0005424709874160407
58,4,0.00024689829283367805,0.00026555030745794217
58,5,0.0009172727134117066,0.00045294134977911816
58,6,0.0003737972339043138,0.0005002936621272218
58,7,0.0005873367740638119,0.00035057919500488594
58,8,0.0002841739422807033,0.00036843000076479805
58,9,0.0006035812610941934,-0.00014637121753822733
59,0,0.0006233780154726823,0.0009921371312296568
59,1,0.0004466137488553466,-0.0001352830420548153
59,2,-4.0328876345060617e-05,0.0014924768450577247
59,3,0.00031128896858745704,-0.0005373575519916859
59,4,0.00024777583735686,0.00022338045630209617
59,5,0.0009139141023026391,0.0004583173950571558
59,6,0.00032633997050870376,0.0004718288192466928
59,7,0.0006368416540947257,0.00035334011814636373
59,8,0.0002911810659047202,0.0004113219444264238
59,9,0.0005648152988287573,-0.00012404701093433532
60,0,0.000583154989020393,0.0009263866924198263
60,1,0.00044487437152324446,-0.00013379923784070686
60,2,-7.411797225108344e-05,0.001463265917532049
60,3,0.00031554060154684804,-0.0004628188273442445
60,4,0.0003063923593142089,0.00022707606596146233
60,5,0.0009225062777467917,0.0004066152844802994
60,6,0.00031669183530198385,0.00044805012050727036
60,7,0.0006583210245113673,0.00031948777007377024
60,8,0.0003010693421811256,0.0004237172347553419
60,9,0.0005837696178179947,-0.00015593394072481567
61,0,0.0005850806360200435,0.0009016623627678179
61,1,0.0003717841582422071,-0.00017698928077925538
61,2,-9.165785043537485e-05,0.0014393418536698412
61,3,0.00026728203104930547,-0.00045967965148531605
61,4,0.0003324855813095489,0.00015473802472451488
61,5,0.0009000927977779994,0.00034967532241404433
61,6,0.00029482100918288776,0.0004163383276558135
61,7,0.0006529002729805536,0.000322093919410515
61,8,0.00028640626789718654,0.0005047838423445996
61,9,0.0005649984304524683,-0.0002213131235321919
62,0,0.0006340970889685785,0.0009528597857959858
62,1,0.00034244384508319364,-0.00026071243904509235
62,2,-0.00010565217864742611,0.0014293718013719718
62,3,0.0002596470827276663,-0.0004496983424081889
62,4,0.0004092471231642445,0.00021184865095263115
62,5,0.0008842477792247866,0.00036890536865078903
62,6,0.0003261347711044701,0.00042188359824633015
62,7,0.0006933777842377063,0.00038272701450180305
62,8,0.00028411521236973956,0.0005110739360397578
62,9,0.000587317333917492,-0.00023588669520447803
63,0,0.0005972491599124986,0.0009699651524767222
63,1,0.000343121553135906,-0.0002656496941928536
63,2,-0.0001356723688867039,0.0014334463878050887
63,3,0.0002722841011701282,-0.00044560642473880796
63,4,0.0003983285731178779,0.00020591446362688238
63,5,0.0009020400128793871,0.0003623980292958278
63,6,0.00029655499265291986,0.0003315183012696516
63,7,0.0007248800055450909,0.0003119793272910664
63,8,0.00023567932533783323,0.00043118486471562716
63,9,0.0005926059913923592,-0.00022554985405244594
64,0,0.0006250327122455369,0.000882759465389999
64,1,0.00032615837369475,-0.0002767400906206798
64,2,-0.00014433999451169132,0.0014436050314703042
64,3,0.0003063027985801106,-0.0004852216201989292
64,4,0.000398042470868226,0.00020469765407864018
64,5,0.000886417844197248,0.0003513387186494156
64,6,0.0002671599026933515,0.000401517377339514
64,7,0.0007985695677540317,0.00032319985793560524
64,8,0.00023712406046319333,0.0004340362873246289
64,9,0.0005822802044841842,-0.00024103389053124234
65,0,0.0006354475349308901,0.0008990747553196547
65,1,0.0003133647262544277,-0.00023171546982268717
65,2,-0.0002260453139378838,0.0014043363918547066
65,3,0.00032129901491236837,-0.0005295528443724604
65,4,0.00036585820846396445,0.0001743677371128689
65,5,0.0008201650023311452,0.0003496578205433459
65,6,0.0002985911616259443,0.0004452011018607033
65,7,0.0008793185357323507,0.00029421965891909894
65,8,0.00022072349818725388,0.00043614754676415274
65,9,0.0005675391191083118,-0.00023671412896132842
66,0,0.0006183171559779855,0.0008780146458169867
66,1,0.00026623888898842,-0.0002590642179312237
66,2,-0.0002768412572361649,0.0014833200440889712
66,3,0.00040632228078297313,-0.000501475773155565
66,4,0.0002709221576768977,0.00019150099770472428
66,5,0.0009043869709102355,0.0003100598798922618
66,6,0.00030173842887520886,0.00044450895657486997
66,7,0.0009104876987324146,0.0002347264207758161
66,8,0.0002500107805114058,0.0003795719878934784
66,9,0.0006352165285888547,-0.0002592008037239404
67,0,0.0006217879933384611,0.0008763087259725836
67,1,0.00024725099374285484,-0.0003292514155572518
67,2,-0.00021225471380133937,0.0014606872785050485
67,3,0.0004142728555632216,-0.0004553878301061787
67,4,0.00019782936230655363,0.00023666710831195926
67,5,0.000875455065669799,0.0003242263768147585
67,6,0.00022224773646137996,0.00048036724184567705
67,7,0.0009992717297849488,0.0002178336861239999
67,8,0.00025800335784034473,0.00039124253021297604
67,9,0.00061709993214557,-0.00025684845698180006
68,0,0.0006075759108174574,0.0009457342637412506
68,1,0.0002806955872695659,-0.0002816674459740146
68,2,-0.00017336120383086324,0.0014328180073969483
68,3,0.0003419059235720724,-0.0004940288304616308
68,4,0.0002343187786620775,0.0002978172912905514
68,5,0.0009235280790986059,0.00032677037987808286
68,6,0.00017894279646349045,0.00046727676161434497
68,7,0.0010302373863263958,0.0002469436274861183
68,8,0.00029019146026505304,0.0003978013552391082
68,9,0.0005628474815789351,-0.00032927512712213787
69,0,0.0006212176689926398,0.0010357693382365496
69,1,0.00028817265049515156,-0.00029239391177330926
69,2,-0.0002267586693233907,0.0014594942963016143
69,3,0.0003980170183191562,-0.0005174652613228371
69,4,0.00018963853907110812,0.0003334161545655099
69,5,0.0008896118976167072,0.00023710968288610508
69,6,0.0002088227225509953,0.0005506763608966846
69,7,0.0010658985263668167,0.00021653326702829328
69,8,0.00038115250938128856,0.0004151601804891214
69,9,0.0005630584343987616,-0.0003343883398731845
70,0,0.0006255333488346494,0.0010381275693165236
70,1,0.0002580223333729324,-0.00034884815874014415
70,2,-0.00017387683169254768,0.0014374685874433413
70,3,0.00034518232934871586,-0.0005523657523480523
70,4,0.00023374904365316455,0.00028197544410617123
70,5,0.0009793318957280867,0.00020112685774743182
70,6,0.00020829509787643045,0.0005493620429769812
70,7,0.001051282669362735,0.000265730753675901
70,8,0.0004083132614421107,0.0003885141208599574
70,9,0.0005626726856304077,-0.0003496906308551386
71,0,0.0006206766451919723,0.0010469291773643808
71,1,0.000278831687925509,-0.0003656699248538286
71,2,-8.888342299154528e-05,0.0014193664883131176
71,3,0.0003014537472385049,-0.0006180647374601871
71,4,0.00016888983030765252,0.0002772862399779472
71,5,0.0009777050398245188,0.0002473821074425499
71,6,0.00011266388309500874,0.0005697560857522161
71,7,0.001050987310743841,0.00026556067991513523
71,8,0.000411869539631692,0.00033753804936756854
71,9,0.00048274761988135307,-0.0003976707028650384
72,0,0.0005432979706800193,0.001009046620411214
72,1,0.0002918165937980714,-0.0002958911390400911
72,2,-0.00011579523409891007,0.0013962101875067238
72,3,0.0002895645872315587,-0.0006124643172192926
72,4,0.00017329254723928963,0.0002522811173712653
72,5,0.0009481184609458518,0.0002051506869526184
72,6,4.132395472221395e-05,0.0005933497273962263
72,7,0.0010536778679249418,0.0002830615902390406
72,8,0.0003595533529868495,0.0003006251788593124
72,9,0.0005064248684800924,-0.000390611179435013
73,0,0.0005226717742646189,0.0010529141686457246
73,1,0.0003738998417249694,-0.0003494825761545422
73,2,-0.0001605785176517877,0.0013457290633749866
73,3,0.0002910501144985562,-0.0006184805537058718
73,4,0.0002509168413533458,0.000303292592677586
73,5,0.0009457092247133832,0.00020101140860598747
73,6,-4.246996890805771e-05,0.000639626172664079
73,7,0.000994782195578144,0.00030940283558191157
73,8,0.00035668706159503605,0.0003989161659010791
73,9,0.00044111949234932696,-0.00040576250254568605
74,0,0.0005824740928943748,0.001071961527040963
74,1,0.00039300092510664267,-0.0002636035350141915
74,2,-0.00016040051975832497,0.0013455082932769574
74,3,0.00026655277342396726,-0.0005974873968718754
74,4,0.00017995525628298716,0.0002715352966130316
74,5,0.0008916250349794173,0.00023463471962056057
74,6,1.6444649154035194e-05,0.0005948046020310271
74,7,0.0010313317035658435,0.0002947670227521311
74,8,0.00038327149157960013,0.0004293983959823666
74,9,0.00036111241254483013,-0.0004436223416585828
75,0,0.0005692913561715087,0.0010720546857126605
75,1,0.0004719739223520409,-0.0002534443493134822
75,2,-0.00016709438147480968,0.0014174892084015643
75,3,0.00026862524642353206,-0.0005988944314164366
75,4,0.0002505344679601696,0.0002396246290002791
75,5,0.000891990658945577,0.0002348927527024441
75,6,-5.083579678710305e-06,0.000522771212695048
75,7,0.0009465391005556361,0.0003358774468136698
75,8,0.000366706122595012,0.0003323776466876941
75,9,0.00035139610730505657,-0.0005021672012959512
76,0,0.0005569211850144435,0.0010491952053723465
76,1,0.0004728237409504093,-0.00025746013004502834
76,2,-0.00019349865733730138,0.0013998963136845283
76,3,0.0002657217828760343,-0.0005880202355459611
76,4,0.00018028458098283143,0.00020874858571181257
76,5,0.0008917042237936793,0.0002531848545887597
76,6,4.1545765634900344e-05,0.0005809801514204436
76,7,0.0008971603568168191,0.00025411358641622817
76,8,0.00037723842069116074,0.000277148520767723
76,9,0.0003452943179321758,-0.0004957244162944704
77,0,0.0005573559228253572,0.001009769268853413
77,1,0.0005032447391349139,-0.00025590866337144404
77,2,-0.0001274058223761063,0.00140464587872679
77,3,0.0002907737298569866,-0.0006053946432572376
77,4,0.00020427777251887357,0.0001890178882500171
77,5,0.0008682963745567344,0.00023170667270296596
77,6,5.9585651161957206e-05,0.0005765801958046515
77,7,0.0009131177916578827,0.00024730528568464095
77,8,0.0003485330775136882,0.0003532928853384208
77,9,0.0003400946445625256,-0.0005712636541727607
78,0,0.0005910268618954439,0.0009593840847206008
78,1,0.0005170598862574259,-0.00025300009299318636
78,2,-0.000128317610893253,0.0014063900589039305
78,3,0.0002745519638389038,-0.0005994920608001039
78,4,0.0001631962117782231,0.00017984332246704827
78,5,0.0008638420601913564,0.00022684556798547052
78,6,7.337272045349444e-05,0.0006418447259877037
78,7,0.0008677952141025008,0.00019603909992816233
78,8,0.0003661564847687544,0.0003264666795375575
78,9,0.0003377164396135194,-0.0005239842120373164
79,0,0.0005839567482597353,0.0009608966868840479
79,1,0.00048256909797762294,-0.0003007244026069637
79,2,-0.00014526232870446464,0.0013578946975784543
79,3,0.00027139032237182237,-0.0006592415849270218
79,4,0.00011854942379620252,0.00015792132890458049
79,5,0.0009364719921815966,0.00027042436897033043
79,6,4.6795222106184574e-05,0.0006594806602704345
79,7,0.0009131725723422377,0.0001375990793850531
79,8,0.00036116017211372493,0.00033188872024623816
79,9,0.0003923353905837068,-0.0004762214018036617
80,0,0.0006188697560031465,0.0009162753424310692
80,1,0.00045483918135966585,-0.0002145459634840245
80,2,-0.00017339734816290085,0.001273496615377873
80,3,0.00027467194953063076,-0.0006647850802548093
80,4,8.305835750857516e-05,0.0001395000488687752
80,5,0.0009418759197571959,0.00029034558404690964
80,6,6.430052492567066e-05,0.0006556278722567228
80,7,0.0008549085965217232,0.00012243477297740958
80,8,0.00036709117835615444,0.00027115406722292093
80,9,0.0004617999651767546,-0.0004426285596085813
81,0,0.0006711974930795629,0.000989073966596916
81,1,0.0004425515342666637,-0.00022061824424532398
81,2,-0.00020791900368530265,0.0011871134718295802
81,3,0.0002737053999121962,-0.0006844674455892081
81,4,0.0001476608011944204,0.00021504901295258416
81,5,0.0009299565250439193,0.00031176338002011277
81,6,6.627760214568542e-05,0.0006748631869865758
81,7,0.0008039703975178701,0.00015729178593865215
81,8,0.000449589156662686,0.00025884588949967016
81,9,0.00042599113420614703,-0.00041813701623876317
82,0,0.000712650453910583,0.000979728939797036
82,1,0.0004693399082874965,-0.00022203492839647826
82,2,-0.0002078870204438392,0.00118745973969966
82,3,0.0002820247816724778,-0.0006377808880650439
82,4,0.00014675484928272167,0.0002037031974808904
82,5,0.0008858505790067366,0.0003007496170941005
82,6,0.00012226076875954345,0.0007226448582072755
82,7,0.0007856334280362221,0.00013699704399707115
82,8,0.0004378087154557159,0.0002826554974023066
82,9,0.0004291557356318912,-0.00045611553152521793
83,0,0.0007252619890771263,0.0009752079620051013
83,1,0.0005603967228930811,-0.000191602712465714
83,2,-0.0002110830730849055,0.0011888628015109426
83,3,0.0002863627145988525,-0.0006490409480685017
83,4,0.0001512760829773412,0.00020131923528492158
83,5,0.0008607021750618263,0.0002528138024990443
83,6,8.94296292133517e-05,0.000711740357826797
83,7,0.0007943768786072871,0.00013806892961215573
83,8,0.00037770501609898916,0.0002385880333085151
83,9,0.00034306140774018344,-0.000493114272900587
84,0,0.0007401845762981233,0.000994669365177015
84,1,0.0005313342928096093,-0.00025208336143643916
84,2,-0.00020963289306128694,0.0012743275398235776
84,3,0.0003107023103509157,-0.00060823204387579
84,4,9.841956621558484e-05,0.00022993929045242223
84,5,0.0008737524266942692,0.0003232227475404392
84,6,0.00018350303522391524,0.0006931309044869771
84,7,0.0007214007342350565,0.00015377690621478296
84,8,0.0003817618869469281,0.00024870506914657356
84,9,0.000315146272236238,-0.0004905349931952909
85,0,0.000757151179081949,0.000947467404609812
85,1,0.0005608580172134371,-0.0002457104175951877
85,2,-0.00020379504077609848,0.0012498874044672582
85,3,0.0002553115728005784,-0.0006162594673918596
85,4,0.00010404646117854918,0.00023846833833342427
85,5,0.0008090301332287208,0.0003222905006956094
85,6,8.919523751646268e-05,0.000663680084792009
85,7,0.0008010937362683396,9.461607188110426e-05
85,8,0.00041685918532808903,0.0003319697117754
85,9,0.00027070905394494964,-0.0005372404817506912
86,0,0.0007571691280166145,0.0009697798231050903
86,1,0.000566733386086942,-0.000334758406369638
86,2,-0.00020749196880770867,0.0012469996953957875
86,3,0.00021488962691239521,-0.0006199321504715211
86,4,0.00010454608012713782,0.00017790254564169816
86,5,0.00079800684579207,0.0002495162996741488
86,6,7.847675997501837e-05,0.0007073211412933878
86,7,0.0007685672718765556,1.9404596697864505e-05
86,8,0.00044716516359161163,0.0003237825073708657
86,9,0.00030776293756841554,-0.0004448777368571132
87,0,0.0008363017206750452,0.0009280484673263534
87,1,0.0005564830934454969,-0.0003419817536177521
87,2,-0.00019296816972298693,0.0011577550906767718
87,3,0.00015002268924326138,-0.0005450769054666042
87,4,6.725041747682505e-05,0.00015192325266972557
87,5,0.0008060367620500326,0.0002037164138405688
87,6,9.500909626077759e-05,0.0006328750559523395
87,7,0.0007690287241553864,2.5623605713157035e-05
87,8,0.00044530612515496736,0.00036669588834296576
87,9,0.00029112034814300446,-0.0005040909546198341
88,0,0.0008312293144727461,0.000876445167188214
88,1,0.0005781270575895151,-0.00042068625589558237
88,2,-0.0001461849963584892,0.0011808020823800486
88,3,0.00013560560601574758,-0.0005812334797110751
88,4,2.128261886661234e-05,0.00015970832785819737
88,5,0.0007573566110161664,0.00017658056260053717
88,6,0.00012952835038873385,0.0007042220229822517
88,7,0.0007341232661411153,-3.0444367150768604e-05
88,8,0.00044377735521670806,0.0003578255941849854
88,9,0.0002645018519589359,-0.0004311678713960343
89,0,0.0008474112307467985,0.0009057550663902742
89,1,0.0006208673193427162,-0.00034530576432380836
89,2,-0.0001435758392827487,0.0011453870864690466
89,3,0.0001482447987682001,-0.0005827947535860724
89,4,2.9918250774175826e-05,6.901868759037173e-05
89,5,0.0007645067330114656,0.00017006355313964287
89,6,0.00016428234572103537,0.0007421694692874457
89,7,0.0007571948313134839,-2.227009374976277e-05
89,8,0.0004604577919292063,0.0004126409168529391
89,9,0.00017738012374422668,-0.000471416541750347
90,0,0.0009151840944716303,0.0009074089655237513
90,1,0.0006343792758484027,-0.0003315147237712858
90,2,-0.0001868556370966654,0.0010595554237771037
90,3,8.40657063737994e-05,-0.0005661116355329059
90,4,2.0011793087373764e-05,3.7562686785815064e-05
90,5,0.0008100594258018356,0.00017090651484934682
90,6,0.00020855909374991455,0.0007041067833915978
90,7,0.0007978550567065213,2.1513082202462416e-05
90,8,0.0004601383576115747,0.00041160080423756156
90,9,0.0002444057803123911,-0.00042731038880492383
91,0,0.0008983119741649172,0.0009324858131213399
91,1,0.0006489648903126805,-0.0002940997724511296
91,2,-0.000273868414118555,0.001069625616777705
91,3,8.915582283786635e-05,-0.0006060925070960912
91,4,1.561904882354367e-05,7.116398531235266e-06
91,5,0.0007783066433716756,0.00019299739187810634
91,6,0.00011584407178670688,0.0007185593885429821
91,7,0.0007772195578763582,7.040121587145609e-05
91,8,0.0004636889135558905,0.0004121041697865791
91,9,0.00022758624282957673,-0.0005230824203872952
92,0,0.0008826367681237348,0.0009522067233634494
92,1,0.00061296121896961,-0.0003612595143971715
92,2,-0.0002817375150643856,0.001079980269647801
92,3,7.296020131182651e-05,-0.0006475757000644412
92,4,1.7342403736018068e-06,9.099800438178318e-06
92,5,0.0007797528943777245,0.0001930060296324974
92,6,0.00011611292755616523,0.0007189693498575119
92,7,0.0007462952405242556,5.9267453719772054e-05
92,8,0.0004043048386780237,0.0003546648490130051
92,9,0.000259400465505262,-0.000524698702285964
93,0,0.0008791836200488272,0.0009615297347090611
93,1,0.0006323149561649091,-0.0003498287429893835
93,2,-0.00028433250735469817,0.0010634199293277924
93,3,6.691585656208562e-05,-0.000637858399808497
93,4,1.4334152377611875e-05,-2.2536840803507e-05
93,5,0.0007752578530597031,0.00019183975819105618
93,6,0.00011546502873092048,0.0007000149748746635
93,7,0.0007356824832450391,0.0001249335138967088
93,8,0.00041309456160844467,0.00040453135515267926
93,9,0.0001974769766381287,-0.0004952485905779927
94,0,0.0008991360980174221,0.0008979980526648711
94,1,0.0006919360371700983,-0.0003911030381489507
94,2,-0.00021759888044124834,0.0010377358929664754
94,3,5.725864505848101e-05,-0.0006318897031505072
94,4,6.541122473369148e-06,-2.990500035715794e-05
94,5,0.0007575555112091089,0.00020426113213003178
94,6,8.960898985454653e-05,0.000615855451268528
94,7,0.0007264739769534381,0.00013874522457493326
94,8,0.0004175521038267519,0.0004086464430202849
94,9,0.00017105579217775908,-0.0005049229283975239
95,0,0.0008578436125267408,0.0008267227048507775
95,1,0.0007038562984772453,-0.00046330427551622105
95,2,-0.0002391993777919151,0.0010236861358144877
95,3,5.405704764073368e-05,-0.0006127629774379714
95,4,9.825456670317272e-06,2.773817193125045e-05
95,5,0.0007590457365214579,0.0002130351636422575
95,6,8.960317631577841e-05,0.0006308452222635182
95,7,0.0007199349903850514,0.00015359343590351006
95,8,0.00043251398011820923,0.0003989818711009434
95,9,0.00010315246821180675,-0.0005136171842761935
96,0,0.0008423225224069217,0.000864232403348624
96,1,0.0006828189065743424,-0.0004456679067114611
96,2,-0.00025276859374370926,0.0009404188196242118
96,3,7.114566975419295e-05,-0.0005704510690499435
96,4,-1.8799484728399222e-05,3.092646088976614e-05
96,5,0.0007164911215849952,0.00021399392002500689
96,6,1.0933309035279773e-05,0.0006264119012281996
96,7,0.0007155812199539668,0.00016091017373308592
96,8,0.0003904879730542974,0.00048070344096315506
96,9,0.00015078166596834563,-0.00045435048540003555
97,0,0.0007855713300502444,0.0008942694723748929
97,1,0.000669491503896607,-0.000425915672761894
97,2,-0.00025502237294822166,0.0010078146844719757
97,3,9.806862418319115e-05,-0.0005727352771637879
97,4,2.4268310830801102e-05,2.3997672172667902e-06
97,5,0.0006731945117123587,0.00020049238354807533
97,6,8.502124835261468e-05,0.0005593041623268663
97,7,0.0006984004862786045,0.00018018211986421624
97,8,0.00033433980181203556,0.0004803833017058628
97,9,0.0001130974149639043,-0.0004054660374512672
98,0,0.0007738054842759458,0.0009302557799728274
98,1,0.0006958795192082738,-0.00046626170133224086
98,2,-0.00029356418467455013,0.0010512431263947435
98,3,9.441314536636998e-05,-0.0006500779617510082
98,4,8.567195404904786e-06,8.607986563110236e-05
98,5,0.0006468447269805624,0.00015850030194224866
98,6,1.1002391921854956e-05,0.0006070293096814195
98,7,0.0007477910385025308,0.0001421113703125341
98,8,0.00030517588785303315,0.00048106973826962467
98,9,0.0001296886337075407,-0.0003672584599482865
99,0,0.0007339323310207677,0.0008414577775664226
99,1,0.0006872953148707127,-0.00043043229852384433
99,2,-0.0003301498454776822,0.0010545904871689382
99,3,8.630540369799801e-05,-0.0005758615898876043
99,4,6.303096594673999e-05,8.606802308103759e-05
99,5,0.0006844597957097906,0.0001062228040047157
99,6,2.142946326779247e-05,0.0005949804900993918
99,7,0.0006998613332898291,0.00018400509035631794
99,8,0.00025734235019615645,0.0005263868402635529
99,9,3.296764151669152e-05,-0.00036748240779090426
